Title,Address,Price,Agent_Info,Bedroom,Bathroom,Toilet,Parking_Space,SQM,Link
Newly Built Two Nos Flats With Staff Quarters,"Ajao Estate, Anthony, Maryland, Lagos","₦160,000,000","Greenhaven Properties & Development Company Limited
  +2348033306666",3,N/A,N/A,N/A,N/A,https://nigeriapropertycentre.com/for-sale/flats-apartments/lagos/maryland/anthony/3323473-newly-built-two-nos-flats-with-staff-quarters
The Most Affordable And Spacious Great Investment 3 Bedroom Maisonette,"Off Landmark Center, Victoria Island (VI), Lagos","₦450,000,000","House Davanni Realty Ltd
  08051280014",3,4,3,3,N/A,https://nigeriapropertycentre.com/for-sale/houses/block-of-flats/lagos/victoria-island/3356073-the-most-affordable-and-spacious-great-investment-3-bedroom-maisonette
Three Bedroom Apartment,"Chevron, Lekki, Lagos","₦160,000,000","Joe Etoniru And Associates
  09034271406",3,3,4,2,N/A,https://nigeriapropertycentre.com/for-sale/flats-apartments/lagos/lekki/3352161-three-bedroom-apartment
Available Apartments,"Eko Pearl Towers, Eko Atlantic City, Victoria Island (VI), Lagos","$1,700,000","Grandeur Chattel Properties And Constructions Limited
  08030586071",3,N/A,N/A,N/A,N/A,https://nigeriapropertycentre.com/for-sale/flats-apartments/lagos/victoria-island/3362222-available-apartments
Suitable 3 Bedroom Terrace Duplex With Self Compound,"General Paint, Lekki, Lagos","₦95,000,000","Achilles Properties Limited
  07080405971",3,3,4,N/A,N/A,https://nigeriapropertycentre.com/for-sale/houses/lagos/lekki/3355945-suitable-3-bedroom-terrace-duplex-with-self-compound
Available Apartments,"Eko Pearl Towers, Eko Atlantic, Victoria Island (VI), Lagos","$2,300,000","Grandeur Chattel Properties And Constructions Limited
  08030586071",3,N/A,N/A,N/A,N/A,https://nigeriapropertycentre.com/for-sale/flats-apartments/lagos/victoria-island/3362193-available-apartments
A 2 Bedroom+ Room And Parlour Setback,"Edu, Agbara-Igbesa, Lagos","₦18,000,000","Prolific Estates & Consults Ltd
  07085753158",3,3,4,N/A,N/A,https://nigeriapropertycentre.com/for-sale/houses/detached-bungalows/lagos/agbara-igbesa/3362166-a-2-bedroom-room-and-parlour-setback
3 Bedroom Detached Bungalow,"Ajah, Lagos","₦70,000,000","Abc Trusts
  08037479498",3,N/A,N/A,N/A,N/A,https://nigeriapropertycentre.com/for-sale/houses/detached-bungalows/lagos/ajah/3353474-3-bedroom-detached-bungalow
3 Bedroom Apartment,"Iconic Towers At Sinari Daranijo Street, Victoria Island (VI), Lagos","₦500,000,000","Grandeur Chattel Properties And Constructions Limited
  08030586071",3,N/A,N/A,N/A,N/A,https://nigeriapropertycentre.com/for-sale/flats-apartments/lagos/victoria-island/3362133-3-bedroom-apartment
3 Bedroom Terraced Duplex,"Ajah, Lagos","₦70,000,000","Kvd Properties Ltd
  08165867392",3,N/A,4,N/A,N/A,https://nigeriapropertycentre.com/for-sale/houses/terraced-duplexes/lagos/ajah/3246240-3-bedroom-terraced-duplex
A 3 Storey Property,"Off Marwa Road, Satellite Town, Amuwo Odofin., Amuwo Odofin, Lagos","₦280,000,000","Grandeur Chattel Properties And Constructions Limited
  08030586071",3,N/A,N/A,N/A,"1,188",https://nigeriapropertycentre.com/for-sale/houses/detached-bungalows/lagos/amuwo-odofin/3362112-a-3-storey-property
Fully Furnished 3 Bedrooms Penthouse Apartment With Boyz Quarter,"Richmond Pearl Estate Off Freedom Way, Lekki Phase 1, Lekki, Lagos","₦630,000,000","Heritageglobalproperty
  08028111215",3,3,4,2,N/A,https://nigeriapropertycentre.com/for-sale/flats-apartments/lagos/lekki/lekki-phase-1/3362091-fully-furnished-3-bedrooms-penthouse-apartment-with-boyz-quarter
3 Bedroom Apartment With A Bq,"Ikeja, Lagos","₦220,000,000","Brookstel Properties Ltd
  08039683624",3,3,4,2,N/A,https://nigeriapropertycentre.com/for-sale/houses/block-of-flats/lagos/ikeja/3361964-3-bedroom-apartment-with-a-bq
Lovely 3-Bedroom Apartment,"De Avocado Smart, Abijo, Lekki, Lagos","₦100,000,000","Homephase Realty
  09053146304",3,3,4,2,N/A,https://nigeriapropertycentre.com/for-sale/flats-apartments/lagos/lekki/abijo/3301060-lovely-3-bedroom-apartment
Luxury Fully Furnished Water Front 3 Bed Room,"Off Admiralty Road, Lekki Phase 1, Lekki, Lagos","₦380,000,000","Lavilla Empire Limited
  08179564300",3,N/A,4,3,N/A,https://nigeriapropertycentre.com/for-sale/flats-apartments/lagos/lekki/lekki-phase-1/3358699-luxury-fully-furnished-water-front-3-bed-room
Super Distress Fully Furnished Luxury 3 Bedroom Terrace Duplex,"Gra, Ikota, Lekki, Lagos","₦105,000,000","Peveth Global Services And Properties Limited
  08145144993",3,3,4,2,N/A,https://nigeriapropertycentre.com/for-sale/houses/terraced-duplexes/lagos/lekki/ikota/3355369-super-distress-fully-furnished-luxury-3-bedroom-terrace-duplex
Very Cheap Luxury 3 Bedrooms Terraced Duplex,"Ikota Gra, Lekki, Lagos","₦105,000,000","Peveth Global Services And Properties Limited
  08145144993",3,3,4,2,N/A,https://nigeriapropertycentre.com/for-sale/houses/terraced-duplexes/lagos/lekki/3355559-very-cheap-luxury-3-bedrooms-terraced-duplex
3 Bedrooms Terraced Duplex,"Lekki Palm City Estate, Ajah, Lagos","₦91,000,000","Debacpro Consults
  07061936610",3,3,4,2,N/A,https://nigeriapropertycentre.com/for-sale/houses/terraced-duplexes/lagos/ajah/3246929-3-bedrooms-terraced-duplex
Serviced 3 Bedroom Terraced Duplex With A Room Bq,"Lekki Palm City Estate, Ajah, Lagos","₦6,500,000","Debacpro Consults
  07061936610",3,3,4,2,N/A,https://nigeriapropertycentre.com/for-sale/houses/terraced-duplexes/lagos/ajah/3344049-serviced-3-bedroom-terraced-duplex-with-a-room-bq
Spaciously Built & Furnished 3 Bedroom Apartment With Gym & Pool,"Surulere, Lagos","₦150,000,000","Ifes Realty
  07032662532",3,4,5,2,N/A,https://nigeriapropertycentre.com/for-sale/flats-apartments/lagos/surulere/3361987-spaciously-built-furnished-3-bedroom-apartment-with-gym-pool
Modern 3-Bedroom Apartment,"Ikoyi, Lagos","₦450,000,000","Sunwealthltd
  08110557901",3,3,4,N/A,N/A,https://nigeriapropertycentre.com/for-sale/flats-apartments/lagos/ikoyi/3361912-modern-3-bedroom-apartment
Brand New 3 Bedroom Flat With Fitted Kitchen,"Off Freedom Way, Lekki Phase 1, Lekki, Lagos","₦265,000,000","Gihon Homes Ltd
  08189042000",3,3,4,2,N/A,https://nigeriapropertycentre.com/for-sale/flats-apartments/lagos/lekki/lekki-phase-1/3318523-brand-new-3-bedroom-flat-with-fitted-kitchen
Tastefully Built 3 Bedroom Semi Detached Duplex,"Yaba, Lagos","₦180,000,000","Nest Greeks Investment Limited
  08061220887",3,N/A,N/A,N/A,N/A,https://nigeriapropertycentre.com/for-sale/houses/semi-detached-duplexes/lagos/yaba/3361908-tastefully-built-3-bedroom-semi-detached-duplex
Very Spacious And Modern 2-Bedroom Apartment,"By Lekki Right, Comes With Swimming Pool & Gym, Lekki Phase 1, Lekki, Lagos","₦400,000,000","Island Luxury Homes
  07015290935",3,3,4,3,N/A,https://nigeriapropertycentre.com/for-sale/flats-apartments/lagos/lekki/lekki-phase-1/3361871-very-spacious-and-modern-2-bedroom-apartment
Tastefully Finished Serviced 3 Bedroom Terrace Duplex,"Ikate Elegushi, Lekki, Lagos","₦175,000,000","Aruofeg Enterprise
  08074577210",3,3,4,N/A,N/A,https://nigeriapropertycentre.com/for-sale/houses/terraced-duplexes/lagos/lekki/ikate-elegushi/3361825-tastefully-finished-serviced-3-bedroom-terrace-duplex
Brand New Serviced 3 Bedroom Flat With Elevator,"Off Freedom Way, Lekki Phase 1, Lekki, Lagos","₦450,000,000","F. A. Esan Consulting
  08033448110",3,3,4,N/A,N/A,https://nigeriapropertycentre.com/for-sale/flats-apartments/lagos/lekki/lekki-phase-1/3326155-brand-new-serviced-3-bedroom-flat-with-elevator
Contemporary 3-Bedroom Apartment With Boys' Quarters,"Lekki Phase 1, Lekki, Lagos","₦400,000,000","House Davanni Realty Ltd
  08051280014",3,4,4,3,N/A,https://nigeriapropertycentre.com/for-sale/flats-apartments/lagos/lekki/lekki-phase-1/3361802-contemporary-3-bedroom-apartment-with-boys-quarters
Newly Built 3 Bedroom Apartment With A Bq,"Ikoyi, Lagos","₦1,000,000,000","Teta Homes
  08037834764",3,3,4,N/A,N/A,https://nigeriapropertycentre.com/for-sale/flats-apartments/lagos/ikoyi/3361786-newly-built-3-bedroom-apartment-with-a-bq
3 Bedroom Penthouse Apartment,"Cadogan Estate, Osapa, Lekki, Lagos","₦195,000,000","Osekemi Properties Limited
  07069648313",3,3,4,2,N/A,https://nigeriapropertycentre.com/for-sale/flats-apartments/lagos/lekki/osapa/3329011-3-bedroom-penthouse-apartment
3 Bedroom Flat,"Off Olumo Street, Parkview, Ikoyi, Lagos","₦490,000,000","Botac Real Estate Services
  09055233644",3,3,4,N/A,N/A,https://nigeriapropertycentre.com/for-sale/flats-apartments/lagos/ikoyi/parkview/3361689-3-bedroom-flat
Luxury 3 Bedroom Flat With Bq,"Ikeja GRA, Ikeja, Lagos","₦350,000,000","Leeward Properties
  +2348022990214",3,3,4,N/A,N/A,https://nigeriapropertycentre.com/for-sale/flats-apartments/lagos/ikeja/gra/3330402-luxury-3-bedroom-flat-with-bq
16 Units Of 3 Bedroom Flat,"Off Isaac John Street, Ikeja GRA, Ikeja, Lagos","₦400,000,000","Leeward Properties
  +2348022990214",3,3,4,N/A,N/A,https://nigeriapropertycentre.com/for-sale/flats-apartments/lagos/ikeja/gra/3356578-16-units-of-3-bedroom-flat
Uncompleted Building,"Igbogbo, Ikorodu, Lagos","₦7,000,000","Nikolight
  07085741001",3,3,3,3,N/A,https://nigeriapropertycentre.com/for-sale/houses/lagos/ikorodu/igbogbo/2741145-uncompleted-building
Lovely Built 3 Bedroom Apartment,"Gbagada, Lagos","₦85,000,000","Nest Greeks Investment Limited
  08061220887",3,N/A,N/A,N/A,N/A,https://nigeriapropertycentre.com/for-sale/houses/block-of-flats/lagos/gbagada/3361655-lovely-built-3-bedroom-apartment
3 Bedroom Flat With A Room Service Quarter,"Adekunle Fajuyi Way,, Ikeja GRA, Ikeja, Lagos","₦375,000,000","Ayodele Odunuga And Company
  08024921567",3,N/A,N/A,N/A,N/A,https://nigeriapropertycentre.com/for-sale/flats-apartments/lagos/ikeja/gra/2210743-3-bedroom-flat-with-a-room-service-quarter
3 Bedroom Detached House,"Lekki Scheme Ii,, Ogombo, Ajah, Lagos","₦180,000,000","Ayodele Odunuga And Company
  08024921567",3,3,4,N/A,N/A,https://nigeriapropertycentre.com/for-sale/houses/detached-duplexes/lagos/ajah/ogombo/2676363-3-bedroom-detached-house
3 Bedroom Terrace House With Bq,"Lekki County Estate, Lekki, Lagos","₦120,000,000","Ayodele Odunuga And Company
  08024921567",3,3,4,2,N/A,https://nigeriapropertycentre.com/for-sale/houses/terraced-duplexes/lagos/lekki/2817707-3-bedroom-terrace-house-with-bq
Distress 3 Bedroom Semi Detached Duplex,"Sangotedo, Ajah, Lagos","₦70,000,000","Fortune Flip Real Estate
  07066771574",3,4,4,N/A,N/A,https://nigeriapropertycentre.com/for-sale/houses/semi-detached-duplexes/lagos/ajah/sangotedo/3345542-distress-3-bedroom-semi-detached-duplex
Newly Built 3 Bedroom Apartment,"GRA Phase 2, Magodo, Lagos","₦220,000,000","Homeswithdavid
  07014862309",3,N/A,4,N/A,N/A,https://nigeriapropertycentre.com/for-sale/flats-apartments/lagos/magodo/gra-phase-2/3341420-newly-built-3-bedroom-apartment
Exquisitely Built 3 Bedroom Terrace Detached Duplex,"Oko-oba, Agege, Lagos","₦130,000,000","Homeswithdavid
  07014862309",3,N/A,4,N/A,N/A,https://nigeriapropertycentre.com/for-sale/houses/terraced-duplexes/lagos/agege/oko-oba/3342805-exquisitely-built-3-bedroom-terrace-detached-duplex
3 Bedroom Flat With Excellent Facility,"Off Amadu Bello Road, Victoria Island Extension, Victoria Island (VI), Lagos","₦450,000,000","Deluxe Residences Limited
  08038835833",3,4,4,2,N/A,https://nigeriapropertycentre.com/for-sale/flats-apartments/lagos/victoria-island/victoria-island-extension/3046082-3-bedroom-flat-with-excellent-facility
Uncompleted 3 Bedroom,"Igbogbo, Ikorodu, Lagos","₦13,000,000","Nikolight
  07085741001",3,3,4,3,N/A,https://nigeriapropertycentre.com/for-sale/houses/lagos/ikorodu/igbogbo/2755601-uncompleted-3-bedroom
Off Plan Luxury 3 Bedroom Flat With Bq,"Oniru, Victoria Island (VI), Lagos","₦300,000,000","Bankofproperty Ltd
  08061764516",3,3,3,2,N/A,https://nigeriapropertycentre.com/for-sale/flats-apartments/lagos/victoria-island/oniru/2682409-off-plan-luxury-3-bedroom-flat-with-bq
"Luxury 3 Bedroom, Maisonette","Orange Island, Lekki, Lagos","₦300,000,000","Kenneth Abuah Consult
  09137178516",3,4,4,3,N/A,https://nigeriapropertycentre.com/for-sale/flats-apartments/lagos/lekki/orange-island/3361513-luxury-3-bedroom-maisonette
A Newly Built Block Of 3-Bedroom Apartment,"Emina Crescent, Off Toyin Street, Ikeja, Lagos","₦180,000,000","John Zedomi & Associates
  07013950476",3,3,3,2,N/A,https://nigeriapropertycentre.com/for-sale/houses/lagos/ikeja/3361516-a-newly-built-block-of-3-bedroom-apartment
3 Units Of 4 Bedrooms Terrace House With Boys Quarters,"Ilasan, Lekki, Lagos","₦280,000,000","Kenneth Abuah Consult
  09137178516",3,N/A,4,N/A,N/A,https://nigeriapropertycentre.com/for-sale/houses/lagos/lekki/ilasan/3144528-3-units-of-4-bedrooms-terrace-house-with-boys-quarters
Luxury 3 Bedroom Flat,"Sangotedo, Ajah, Lagos","₦130,000,000","Kenneth Abuah Consult
  09137178516",3,4,4,2,N/A,https://nigeriapropertycentre.com/for-sale/flats-apartments/lagos/ajah/sangotedo/3190627-luxury-3-bedroom-flat
3 Bedroom Uncompleted,"Igbogbo Estate, Igbogbo, Ikorodu, Lagos","₦13,000,000","Nikolight
  07085741001",3,4,4,2,N/A,https://nigeriapropertycentre.com/for-sale/houses/block-of-flats/lagos/ikorodu/igbogbo/2849642-3-bedroom-uncompleted
Luxury 3 Bedroom,"Awobo Estate, Igbogbo, Ikorodu, Lagos","₦30,000,000","Nikolight
  07085741001",3,3,4,6,N/A,https://nigeriapropertycentre.com/for-sale/houses/detached-bungalows/lagos/ikorodu/igbogbo/3132978-luxury-3-bedroom
Luxury 3 Bedroom Bungalow,"Igbogbo, Ikorodu, Lagos","₦22,000,000","Nikolight
  07085741001",3,3,4,6,N/A,https://nigeriapropertycentre.com/for-sale/houses/lagos/ikorodu/igbogbo/3132990-luxury-3-bedroom-bungalow
Luxury 3 Bedroom Bungalow,"Igbogbo, Ikorodu, Lagos","₦25,000,000","Nikolight
  07085741001",3,3,4,9,N/A,https://nigeriapropertycentre.com/for-sale/houses/lagos/ikorodu/igbogbo/3156408-luxury-3-bedroom-bungalow
Elegant Newly Built 3bedroom Semi Detached Duplex In A Secured Estate,"Sangotedo, Ajah, Lagos","₦180,000,000","Wincovers Realty Ltd
  08103254940",3,3,4,N/A,N/A,https://nigeriapropertycentre.com/for-sale/houses/semi-detached-duplexes/lagos/ajah/3361427-elegant-newly-built-3bedroom-semi-detached-duplex-in-a-secured-estate
Lovely 3 Bedroom Apartment With Pool,"Lekki Phase 1, Lekki, Lagos","₦350,000,000","Parah Md
  09128450217",3,3,4,2,N/A,https://nigeriapropertycentre.com/for-sale/flats-apartments/lagos/lekki/lekki-phase-1/3339423-lovely-3-bedroom-apartment-with-pool
Spacious 3 Bedroom Apartment With Bq,"Lekki Phase 1, Lekki, Lagos","₦370,000,000","Parah Md
  09128450217",3,3,4,2,N/A,https://nigeriapropertycentre.com/for-sale/flats-apartments/lagos/lekki/lekki-phase-1/3327822-spacious-3-bedroom-apartment-with-bq
Luxury 3 Bedroom Apartment (Upstairs) In A Gated Area,"Ilasan, Ikate, Lekki, Lagos","₦165,000,000","Exquisite Global Ventures
  09158898595",3,3,4,N/A,N/A,https://nigeriapropertycentre.com/for-sale/flats-apartments/lagos/lekki/ikate/3350028-luxury-3-bedroom-apartment-upstairs-in-a-gated-area
Luxury 3 Bedroom,"Emily Estate, Igbogbo, Ikorodu, Lagos","₦15,000,000","Nikolight
  07085741001",3,3,4,9,N/A,https://nigeriapropertycentre.com/for-sale/houses/lagos/ikorodu/igbogbo/3361407-luxury-3-bedroom
Standard And Spacious 3 Bedroom Apartment With Modern Features,"Oregun, Ikeja, Lagos","₦170,000,000","Bigfem Homes And Properties
  08125579519",3,3,4,N/A,N/A,https://nigeriapropertycentre.com/for-sale/flats-apartments/lagos/ikeja/oregun/3361403-standard-and-spacious-3-bedroom-apartment-with-modern-features
Spacious 3 Bedroom Apartment,"Abijo, Lekki, Lagos","₦50,000,000","Outstanding Real Estate Limited
  09160794470",3,3,4,N/A,N/A,https://nigeriapropertycentre.com/for-sale/houses/terraced-duplexes/lagos/lekki/abijo/3210837-spacious-3-bedroom-apartment
Luxury 3 Bedroom Apartment With Bq,"Ikeja GRA, Ikeja, Lagos","₦400,000,000","Pathfinder Homes And Constructions Limited
  08067487430",3,N/A,4,2,N/A,https://nigeriapropertycentre.com/for-sale/flats-apartments/lagos/ikeja/gra/3335942-luxury-3-bedroom-apartment-with-bq
Luxury 3 Bedroom Duplex Inside Decent Estate,"Harris Drive, VGC, Lekki, Lagos","₦85,000,000","Top Choice Properties Limited
  08051579152",3,3,4,3,N/A,https://nigeriapropertycentre.com/for-sale/houses/terraced-duplexes/lagos/lekki/victoria-garden-city/3361372-luxury-3-bedroom-duplex-inside-decent-estate
Furnished 3 Bedroom Terrace Duplex,"Ikota, Lekki, Lagos","₦125,000,000","Parah Md
  09128450217",3,3,4,2,N/A,https://nigeriapropertycentre.com/for-sale/houses/terraced-duplexes/lagos/lekki/ikota/3361334-furnished-3-bedroom-terrace-duplex
Luxury 3 Bedroom Terrace Duplex,"Horizon Premier Estate, Ikate, Lekki, Lagos","₦230,000,000","Heritageglobalproperty
  08028111215",3,3,4,3,N/A,https://nigeriapropertycentre.com/for-sale/houses/terraced-duplexes/lagos/lekki/ikate/3361323-luxury-3-bedroom-terrace-duplex
A Well Built Brand New 2 Bedroom Apartment With Standard Bq,"Ocean Breeze Estate, Ologolo, Lekki, Lagos","₦130,000,000","Islandpride Real Estate Ltd
  2348035473272",3,3,4,N/A,N/A,https://nigeriapropertycentre.com/for-sale/flats-apartments/lagos/lekki/3358430-a-well-built-brand-new-2-bedroom-apartment-with-standard-bq
Off Plan Luxury 3 Bedroom Flat With Bq,"Oniru, Victoria Island (VI), Lagos","₦300,000,000","Bankofproperty Ltd
  08061764516",3,3,3,2,N/A,https://nigeriapropertycentre.com/for-sale/flats-apartments/lagos/victoria-island/oniru/2682409-off-plan-luxury-3-bedroom-flat-with-bq
"Luxury 3-Bedroom Maisonette With Pool, Good For Residential/Commercial","Victoria Island (VI), Lagos","₦460,000,000","Ideal Homes & Properties
  08171969365",3,4,5,3,N/A,https://nigeriapropertycentre.com/for-sale/flats-apartments/lagos/victoria-island/3361306-luxury-3-bedroom-maisonette-with-pool-good-for-residentialcommercial
3 Bedroom Terrace Duplex + Bq,"Ikota, Lekki, Lagos","₦150,000,000","Janick Properties
  +234912594511",3,3,4,1,N/A,https://nigeriapropertycentre.com/for-sale/houses/terraced-duplexes/lagos/lekki/ikota/2931085-3-bedroom-terrace-duplex-bq
3 Bedroom Bungalow + Bq,"Eleko, Ibeju Lekki, Lagos","₦75,000,000","Janick Properties
  +234912594511",3,3,4,N/A,N/A,https://nigeriapropertycentre.com/for-sale/houses/detached-bungalows/lagos/lekki-ibeju/eleko/3327286-3-bedroom-bungalow-bq
Gorgeous 3 Bedroom Fully Detached Duplex With A Room Bq,"Abraham Adesanya, Ajah, Lagos","₦110,000,000","Ideal Homes & Properties
  08171969365",3,3,4,2,N/A,https://nigeriapropertycentre.com/for-sale/houses/detached-duplexes/lagos/ajah/3361259-gorgeous-3-bedroom-fully-detached-duplex-with-a-room-bq
Fancy 3 Bedroom Bungalow Semi Detached With A Room Bq,"Abraham Adesanya, Ajah, Lagos","₦100,000,000","Ideal Homes & Properties
  08171969365",3,3,4,2,N/A,https://nigeriapropertycentre.com/for-sale/houses/semi-detached-bungalows/lagos/ajah/3361247-fancy-3-bedroom-bungalow-semi-detached-with-a-room-bq
Luxury 3 Bedroom Flat,"Emily Estate, Igbogbo, Ikorodu, Lagos","₦15,000,000","Nikolight
  07085741001",3,3,4,9,N/A,https://nigeriapropertycentre.com/for-sale/houses/lagos/ikorodu/igbogbo/3361204-luxury-3-bedroom-flat
3 Bedroom Terrace Duplex,"Ikate, Lekki, Lagos","₦200,000,000","Distress Property Market
  08133786380",3,3,4,N/A,N/A,https://nigeriapropertycentre.com/for-sale/houses/terraced-duplexes/lagos/lekki/ikate/3361134-3-bedroom-terrace-duplex
3 Bedroom Fully Furnished Terrace Duplex,"Fairview Estate, Igando, Ikotun, Lagos","₦140,000,000","Heavensent Properties
  08102912408",3,N/A,N/A,N/A,N/A,https://nigeriapropertycentre.com/for-sale/houses/terraced-duplexes/lagos/ikotun/igando/3201156-3-bedroom-fully-furnished-terrace-duplex
Newly Built 3 Bedroom Terraced Duplex,"General Paint, Ajah, Lagos","₦75,000,000","Heavensent Properties
  08102912408",3,3,4,2,N/A,https://nigeriapropertycentre.com/for-sale/houses/terraced-duplexes/lagos/ajah/3210516-newly-built-3-bedroom-terraced-duplex
3 Bedroom Apartment,"Phase 1, Lekki, Lagos","₦400,000,000","Heavensent Properties
  08102912408",3,3,4,2,N/A,https://nigeriapropertycentre.com/for-sale/flats-apartments/lagos/lekki/3213479-3-bedroom-apartment
3 Bedroom Apartment,"Ikate, Lekki, Lagos","₦90,000,000","Heavensent Properties
  08102912408",3,3,4,2,N/A,https://nigeriapropertycentre.com/for-sale/flats-apartments/lagos/lekki/ikate/3228370-3-bedroom-apartment
3 Bedrooms Apartment,"Monastery Road, Sangotedo, Ajah, Lagos","₦65,000,000","Heavensent Properties
  08102912408",3,3,4,2,N/A,https://nigeriapropertycentre.com/for-sale/flats-apartments/lagos/ajah/sangotedo/3268284-3-bedrooms-apartment
"Luxurious 3 Bedroom Apartment With Elevator, Swimming Pool, Gym & Bq","Lekki Phase 1, Lekki, Lagos","₦430,000,000","Island Luxury Homes
  07015290935",3,3,4,3,N/A,https://nigeriapropertycentre.com/for-sale/flats-apartments/lagos/lekki/lekki-phase-1/3361044-luxurious-3-bedroom-apartment-with-elevator-swimming-pool-gym-bq
"Newly Built 2 Bedroom Apartment With Swimming Pool, Gym And Bq","Lekki Phase 1, Lekki, Lagos","₦260,000,000","Island Luxury Homes
  07015290935",3,3,4,3,N/A,https://nigeriapropertycentre.com/for-sale/flats-apartments/lagos/lekki/lekki-phase-1/3361043-newly-built-2-bedroom-apartment-with-swimming-pool-gym-and-bq
Well-Designed 3 Bedroom Apartment With A Boys' Quarters,"Lekki Phase 1, Lekki, Lagos","₦340,000,000","The Home Properties. A Division Of Onozefe Uzuazor Bridget Enterprise
  07034194181",3,N/A,N/A,N/A,N/A,https://nigeriapropertycentre.com/for-sale/houses/detached-duplexes/lagos/lekki/lekki-phase-1/3361023-well-designed-3-bedroom-apartment-with-a-boys-quarters
"Contemporary 3 Bedroom Apartment With Swimming Pool, Gym And Elevator","Ikate, Lekki, Lagos","₦190,000,000","Island Luxury Homes
  07015290935",3,3,4,3,N/A,https://nigeriapropertycentre.com/for-sale/flats-apartments/lagos/lekki/ikate/3360988-contemporary-3-bedroom-apartment-with-swimming-pool-gym-and-elevator
Spacious 3 Bedroom Apartment With An Elevator,"Lekki Phase 1, Lekki, Lagos","₦370,000,000","Island Luxury Homes
  07015290935",3,3,4,2,N/A,https://nigeriapropertycentre.com/for-sale/flats-apartments/lagos/lekki/lekki-phase-1/3360978-spacious-3-bedroom-apartment-with-an-elevator
3 Bedrooms Elevated Bungalow With Mini Flat Bq,"Diamond Estate, Sangotedo, Ajah, Lagos","₦90,000,000","Cathyhills Edge Limited
  09133123447",3,N/A,N/A,N/A,N/A,https://nigeriapropertycentre.com/for-sale/houses/semi-detached-bungalows/lagos/ajah/sangotedo/3355464-3-bedrooms-elevated-bungalow-with-mini-flat-bq
3 Bedroom With Bq,"Lekki Phase 1, Lekki, Lagos","₦330,000,000","Joe Etoniru And Associates
  09034271406",3,3,4,N/A,N/A,https://nigeriapropertycentre.com/for-sale/flats-apartments/lagos/lekki/lekki-phase-1/3356374-3-bedroom-with-bq
Newly Built 2 Bedroom Maisonette,"Ikate, Lekki, Lagos","₦170,000,000","Lekki Luxury Expert
  09127982556",3,3,4,2,N/A,https://nigeriapropertycentre.com/for-sale/flats-apartments/lagos/lekki/ikate/3359729-newly-built-2-bedroom-maisonette
Off Plan Luxury 3 Bedroom Flat With Bq,"Oniru, Victoria Island (VI), Lagos","₦300,000,000","Bankofproperty Ltd
  08061764516",3,3,3,2,N/A,https://nigeriapropertycentre.com/for-sale/flats-apartments/lagos/victoria-island/oniru/2682409-off-plan-luxury-3-bedroom-flat-with-bq
3 Bedroom Apartment With Bq,"Ikate, Lekki, Lagos","₦270,000,000","Lekki Luxury Expert
  09127982556",3,3,4,2,N/A,https://nigeriapropertycentre.com/for-sale/flats-apartments/lagos/lekki/ikate/3359597-3-bedroom-apartment-with-bq
A Block Of Flats (4 Units 3 Bedroom Apartment) On A Tarred Street,"Fidiso Estate, Abijo, Lekki, Lagos","₦250,000,000","Knight Angels Realties Ltd
  08151917169",3,3,4,7,N/A,https://nigeriapropertycentre.com/for-sale/houses/block-of-flats/lagos/lekki/abijo/3336716-a-block-of-flats-4-units-3-bedroom-apartment-on-a-tarred-street
Luxury 3 Bedroom Terrace Duplex With Bq And Solar,"Citadel Oasis By Abraham Adesanya, Ogombo, Ajah, Lagos","₦118,800,000","Innosinach Properties
  08036411790",3,N/A,N/A,N/A,N/A,https://nigeriapropertycentre.com/for-sale/houses/terraced-duplexes/lagos/ajah/ogombo/3106566-luxury-3-bedroom-terrace-duplex-with-bq-and-solar
Luxury 3-Bedrooms Bungalow With Bq Selling Fast,"Solace City, Eleranigbe, Ibeju Lekki, Lagos","₦69,000,000","Innosinach Properties
  08036411790",3,N/A,N/A,N/A,N/A,https://nigeriapropertycentre.com/for-sale/houses/detached-bungalows/lagos/lekki-ibeju/eleranigbe/3308060-luxury-3-bedrooms-bungalow-with-bq-selling-fast
Luxury 3 Bedroom Bungalow With Bq,"Celebration Parkland Estate & Resort, Eleko, Ibeju Lekki, Lagos","₦75,000,000","Innosinach Properties
  08036411790",3,N/A,N/A,N/A,N/A,https://nigeriapropertycentre.com/for-sale/houses/detached-bungalows/lagos/lekki-ibeju/eleko/3331867-luxury-3-bedroom-bungalow-with-bq
Luxury 3 Bedroom Bungalow With Bq,"Atlantic Nominee By Abraham Adesanya, Ajah, Lagos","₦100,000,000","Innosinach Properties
  08036411790",3,N/A,N/A,N/A,N/A,https://nigeriapropertycentre.com/for-sale/houses/detached-bungalows/lagos/ajah/3342896-luxury-3-bedroom-bungalow-with-bq
Luxury 3 Bedroom Maisonette With Private Swimming Pool,"Victoria Island (VI), Lagos","₦460,000,000","Tetrad Homes
  07044983363",3,3,4,N/A,N/A,https://nigeriapropertycentre.com/for-sale/houses/lagos/victoria-island/3360924-luxury-3-bedroom-maisonette-with-private-swimming-pool
Newly Built Luxury 3 Bedroom Flat,"Off Kilo, Masha, Surulere, Lagos","₦115,000,000","Chilla's Properties
  08053711911",3,3,4,1,N/A,https://nigeriapropertycentre.com/for-sale/flats-apartments/lagos/surulere/masha/3015866-newly-built-luxury-3-bedroom-flat
3 Bedroom Terrace And Bq,"Orchid Road, Ikota, Lekki, Lagos","₦100,000,000","Equity Premier Ent
  08034661411",3,3,4,2,N/A,https://nigeriapropertycentre.com/for-sale/houses/terraced-duplexes/lagos/lekki/ikota/3360822-3-bedroom-terrace-and-bq
Luxury 3 Bedroom Duplex,"Emerald Estate, Ogombo, Ajah, Lagos","₦170,000,000","Sweethomes Realty
  08067562646",3,N/A,4,N/A,N/A,https://nigeriapropertycentre.com/for-sale/houses/detached-duplexes/lagos/ajah/ogombo/3360777-luxury-3-bedroom-duplex
3 Bedroom Apartment,"Cromwell Estate, Chevron Drive, Lekki, Lagos","₦145,000,000","Osekemi Properties Limited
  07069648313",3,3,4,2,N/A,https://nigeriapropertycentre.com/for-sale/flats-apartments/lagos/lekki/3253235-3-bedroom-apartment
Newly Built 3 Bedroom Apartment,"Lekki Phase 1, Lekki, Lagos","₦300,000,000","Rosemond Hills Limited
  08117340933",3,3,4,2,N/A,https://nigeriapropertycentre.com/for-sale/flats-apartments/lagos/lekki/lekki-phase-1/3200606-newly-built-3-bedroom-apartment
Lovely 3 Bedroom Apartment,"Parkview, Ikoyi, Lagos","₦540,000,000","Rosemond Hills Limited
  08117340933",3,3,4,2,N/A,https://nigeriapropertycentre.com/for-sale/flats-apartments/lagos/ikoyi/parkview/3281469-lovely-3-bedroom-apartment
3 Bedroom Semi Detached Duplex Bq,"Orchid Road, Lekki Expressway, Lekki, Lagos","₦140,000,000","Equity Premier Ent
  08034661411",3,4,5,N/A,N/A,https://nigeriapropertycentre.com/for-sale/houses/semi-detached-duplexes/lagos/lekki/lekki-expressway/3360743-3-bedroom-semi-detached-duplex-bq
Lovely 3 Bedroom Apartment,"Lekki Phase 1, Lekki, Lagos","₦350,000,000","De Itj Realty Company
  09035137760",3,3,4,N/A,N/A,https://nigeriapropertycentre.com/for-sale/houses/block-of-flats/lagos/lekki/lekki-phase-1/3360736-lovely-3-bedroom-apartment
3 Bedroom Semi-Detached House.,"Capital Loft Phase 2., Eleko, Ibeju Lekki, Lagos","₦99,800,000","Pro Samlight International
  07087629763",3,3,4,N/A,N/A,https://nigeriapropertycentre.com/for-sale/houses/lagos/lekki-ibeju/eleko/3360715-3-bedroom-semi-detached-house
Renovated 3 Bedroom Semi Detached Duplex With Bq,"GRA Phase 1, Magodo, Lagos","₦180,000,000","Eric's Brokerage
  08104808005",3,3,4,2,N/A,https://nigeriapropertycentre.com/for-sale/houses/semi-detached-duplexes/lagos/magodo/gra-phase-1/3360695-renovated-3-bedroom-semi-detached-duplex-with-bq
3 Bedroom Apartment,"Gbagada, Lagos","₦110,000,000","Ridbadhomes
  07088301300",3,3,4,N/A,N/A,https://nigeriapropertycentre.com/for-sale/houses/block-of-flats/lagos/gbagada/3338034-3-bedroom-apartment
3 Bedroom Apartment,"Surulere, Lagos","₦130,000,000","Ridbadhomes
  07088301300",3,3,4,N/A,N/A,https://nigeriapropertycentre.com/for-sale/flats-apartments/lagos/surulere/3360681-3-bedroom-apartment
Lovely 3 Bedroom Apartment With Bq,"Lekki Phase 1, Lekki, Lagos","₦390,000,000","De Itj Realty Company
  09035137760",3,3,4,N/A,N/A,https://nigeriapropertycentre.com/for-sale/houses/block-of-flats/lagos/lekki/lekki-phase-1/3360670-lovely-3-bedroom-apartment-with-bq
Off Plan 3 Bedroom Luxury With Bq With Payment Plan,"Banana Island, Ikoyi, Lagos","$676,000","Bankofproperty Ltd
  08061764516",3,3,4,3,N/A,https://nigeriapropertycentre.com/for-sale/flats-apartments/lagos/ikoyi/banana-island/2376398-off-plan-3-bedroom-luxury-with-bq-with-payment-plan
Distress Deal! Exquisite 4 Bedroom Terrace Duplex,"Ikate, Lekki, Lagos","₦175,000,000","Wex Realty Ltd
  08165761095",3,3,4,2,N/A,https://nigeriapropertycentre.com/for-sale/houses/terraced-duplexes/lagos/lekki/ikate/3360625-distress-deal-exquisite-4-bedroom-terrace-duplex
3 Bedroom Penthouse With Cityview Bq,"Kunsala, Ikate, Ikate Elegushi, Lekki, Lagos","₦400,000,000","Cavier Property Investments Limited
  08056842804",3,3,4,2,N/A,https://nigeriapropertycentre.com/for-sale/flats-apartments/lagos/lekki/ikate-elegushi/3277035-3-bedroom-penthouse-with-cityview-bq
Spread Payment Contemporary 3 Bedroom Terraced Duplex,"Atlantic Layout Estate, General Paint Bus-stop, Ajah, Lagos","₦150,000,000","Wrighthome Solution Managers
  +2348092835813",3,3,4,2,N/A,https://nigeriapropertycentre.com/for-sale/houses/terraced-duplexes/lagos/ajah/3011751-spread-payment-contemporary-3-bedroom-terraced-duplex
Lovely 3 Bedroom Apartment With Bq,"Lekki Phase 1, Lekki, Lagos","₦470,000,000","De Itj Realty Company
  09035137760",3,3,4,N/A,N/A,https://nigeriapropertycentre.com/for-sale/houses/block-of-flats/lagos/lekki/lekki-phase-1/3360521-lovely-3-bedroom-apartment-with-bq
Lovely 3 Bedroom Apartment With Swimming Pool And Bq,"Lekki Phase 1, Lekki, Lagos","₦500,000,000","De Itj Realty Company
  09035137760",3,3,4,N/A,N/A,https://nigeriapropertycentre.com/for-sale/houses/block-of-flats/lagos/lekki/lekki-phase-1/3360509-lovely-3-bedroom-apartment-with-swimming-pool-and-bq
Well Maintained 3 Bedroom Apartment Upstairs In A Serviced Estate,"Milverton Estate, Osapa, Lekki, Lagos","₦180,000,000","Enerst Properties
  07069695490",3,3,4,2,N/A,https://nigeriapropertycentre.com/for-sale/flats-apartments/lagos/lekki/osapa/3360456-well-maintained-3-bedroom-apartment-upstairs-in-a-serviced-estate
Luxury And Smart 3 Bedroom Terrace With A Bq,"Lekki Peninsula Scheme 2, Lekki Phase 2, Lekki, Lagos","₦135,000,000","Pro Samlight International
  07087629763",3,4,5,N/A,N/A,https://nigeriapropertycentre.com/for-sale/houses/terraced-duplexes/lagos/lekki/lekki-phase-2/3360431-luxury-and-smart-3-bedroom-terrace-with-a-bq
3-Bedroom Apartment With 1-Bedroom Boys' Quarter,"Off Allen Avenue, Alausa, Ikeja, Lagos","₦70,000,000","Babajide Okusaga & Company
  08032117012",3,N/A,N/A,N/A,N/A,https://nigeriapropertycentre.com/for-sale/flats-apartments/lagos/ikeja/alausa/3288985-3-bedroom-apartment-with-1-bedroom-boys-quarter
6-Units Of 3-Bedroom Apartment,"Ikeja, Lagos","₦400,000,000","Jerman Ventures Co. Ltd
  08077738880",3,N/A,N/A,N/A,N/A,https://nigeriapropertycentre.com/for-sale/houses/lagos/ikeja/3360289-6-units-of-3-bedroom-apartment
3-Bedroom Terraced Duplex,"Ikota, Lekki, Lagos","₦90,000,000","Juniville Realty Limited
  08100339652",3,3,4,N/A,N/A,https://nigeriapropertycentre.com/for-sale/houses/terraced-duplexes/lagos/lekki/ikota/3294945-3-bedroom-terraced-duplex
3 Bedrooms Terrace Duplex In A Serviced Estate,"Orchid Road, Lekki, Lagos","₦110,000,000","Jossy Divine Properties Nig Ltd
  09064405649",3,3,4,2,N/A,https://nigeriapropertycentre.com/for-sale/houses/terraced-duplexes/lagos/lekki/3210420-3-bedrooms-terrace-duplex-in-a-serviced-estate
Luxurious Fully Serviced 3 Bedroom Apartment,", Chevron, Lekki, Lagos","₦150,000,000","Phrg
  09038041298",3,3,4,2,N/A,https://nigeriapropertycentre.com/for-sale/houses/block-of-flats/lagos/lekki/3360207-luxurious-fully-serviced-3-bedroom-apartment
3-Bedroom Apartment,"Banana Island, Ikoyi, Lagos","₦950,000,000","C W Real Estate
  +2349062511340",3,3,4,N/A,N/A,https://nigeriapropertycentre.com/for-sale/flats-apartments/lagos/ikoyi/banana-island/3360064-3-bedroom-apartment
A Gorgeous Waterfront View 3-Bedroom Apartment,"Banana Island, Ikoyi, Lagos","₦850,000,000","Divilux Realty
  08082143015",3,3,4,3,N/A,https://nigeriapropertycentre.com/for-sale/flats-apartments/lagos/ikoyi/banana-island/3356585-a-gorgeous-waterfront-view-3-bedroom-apartment
A Newly Built 3- Bedroom Apartment,"Northern Foreshore Estate, Osapa, Lekki, Lagos","₦160,000,000","Divilux Realty
  08082143015",3,3,3,2,N/A,https://nigeriapropertycentre.com/for-sale/flats-apartments/lagos/lekki/osapa/3356795-a-newly-built-3-bedroom-apartment
3 Bedroom Apartment With Bq,"Ikeja GRA, Ikeja, Lagos","₦400,000,000","Albasproperties
  07067995727",3,N/A,N/A,N/A,N/A,https://nigeriapropertycentre.com/for-sale/flats-apartments/lagos/ikeja/gra/3359961-3-bedroom-apartment-with-bq
Luxurious 3 Bedroom Apartment,"Abraham Adesanya, Ogombo, Ajah, Lagos","₦138,000,000","Diverse Concept Ng
  08126678518",3,3,4,N/A,N/A,https://nigeriapropertycentre.com/for-sale/flats-apartments/lagos/ajah/ogombo/3359951-luxurious-3-bedroom-apartment
Luxury 3 Bedroom Flat,"Iporin Estate, Bode Thomas, Surulere, Lagos","₦70,000,000","Diverse Concept Ng
  08126678518",3,3,3,N/A,N/A,https://nigeriapropertycentre.com/for-sale/flats-apartments/lagos/surulere/bode-thomas/3359939-luxury-3-bedroom-flat
Lovely 3 Bedroom Terrace Duplex With Bq,"Ikota, Lekki, Lagos","₦140,000,000","De Itj Realty Company
  09035137760",3,3,4,N/A,N/A,https://nigeriapropertycentre.com/for-sale/houses/terraced-duplexes/lagos/lekki/ikota/3359926-lovely-3-bedroom-terrace-duplex-with-bq
Executive Newly Built 3 Bedroom Flat,"Off Kilo, Surulere, Lagos","₦112,000,000","Desire Property Consultancy And Management
  09057516601",3,3,4,2,N/A,https://nigeriapropertycentre.com/for-sale/flats-apartments/lagos/surulere/3359888-executive-newly-built-3-bedroom-flat
Luxury 3 Bedroom Apartment With 2 Kitchens And A Bq On 185sqm,"Lekki Phase 1, Lekki, Lagos","₦380,000,000","David Anu
  +2348100207059",3,3,4,2,N/A,https://nigeriapropertycentre.com/for-sale/flats-apartments/lagos/lekki/lekki-phase-1/2873197-luxury-3-bedroom-apartment-with-2-kitchens-and-a-bq-on-185sqm
3 Bedroom Apartment With A Boys' Quarters,"Lekki Phase 1, Lekki, Lagos","₦340,000,000","Egcent Limited
  08036803104",3,3,4,2,N/A,https://nigeriapropertycentre.com/for-sale/flats-apartments/lagos/lekki/lekki-phase-1/3359887-3-bedroom-apartment-with-a-boys-quarters
Exquisitely Built 3 Bedroom Apartment,"Surulere, Lagos","₦120,000,000","Investwithamos
  09136754284",3,3,4,N/A,N/A,https://nigeriapropertycentre.com/for-sale/houses/lagos/surulere/3359886-exquisitely-built-3-bedroom-apartment
100% Dryland With A Storey Building Blocks Of Flat And Big Shop,"Alapere, Ketu, Lagos","₦103,000,000","Amzat Odu Ltd
  08129930038",3,N/A,N/A,N/A,N/A,https://nigeriapropertycentre.com/for-sale/houses/block-of-flats/lagos/ketu/alapere/3359879-100-dryland-with-a-storey-building-blocks-of-flat-and-big-shop
3 Bedroom Apartment,"Lekki Scheme 2, Ajah, Lagos","₦95,000,000","Tedhol Properties Ltd
  08032670727",3,3,4,N/A,N/A,https://nigeriapropertycentre.com/for-sale/flats-apartments/lagos/ajah/3359866-3-bedroom-apartment
3 Bedrooms Maisonette Duplex With Bq,"Famuyiwa Street, Off Mobil Road., Ajah, Lagos","₦135,000,000","Plusworld Realtors
  08060014915",3,4,4,2,N/A,https://nigeriapropertycentre.com/for-sale/houses/lagos/ajah/3041383-3-bedrooms-maisonette-duplex-with-bq
Spacious 3 Bedroom Terrace,"Salem, Lekki, Lagos","₦220,000,000","Diverse Concept Ng
  08126678518",3,3,4,4,N/A,https://nigeriapropertycentre.com/for-sale/houses/lagos/lekki/3359833-spacious-3-bedroom-terrace
Serviced 3 Bedroom Flat With A Room Bq On D 2nd Floor,"Ikeja GRA, Ikeja, Lagos","₦365,000,000","Chaman Law Firm
  08096888818",3,3,3,N/A,N/A,https://nigeriapropertycentre.com/for-sale/flats-apartments/lagos/ikeja/gra/3243949-serviced-3-bedroom-flat-with-a-room-bq-on-d-2nd-floor
4 Units Of 3 Bedroom Flats Sitting On Full Plot Of Land Global C Of O,"Greenville Estate, Badore, Ajah, Lagos","₦130,000,000","Bohvic Project & Services Ltd
  07066231670",3,3,4,N/A,N/A,https://nigeriapropertycentre.com/for-sale/houses/block-of-flats/lagos/ajah/badore/2537578-4-units-of-3-bedroom-flats-sitting-on-full-plot-of-land-global-c-of-o
A Luxurious 3 Bedroom + 2 Unit Mini Flat,"Idayin, Agbara-Igbesa, Lagos","₦44,000,000","Prolific Estates & Consults Ltd
  07085753158",3,3,4,N/A,330,https://nigeriapropertycentre.com/for-sale/houses/detached-bungalows/lagos/agbara-igbesa/3359771-a-luxurious-3-bedroom-2-unit-mini-flat
3 Bedroom Bungalow,"Abraham Adesanya Estate, Ajah, Lagos","₦95,000,000","Isma's Fourth Global Concept
  09062134914",3,3,3,3,N/A,https://nigeriapropertycentre.com/for-sale/houses/detached-bungalows/lagos/ajah/3254743-3-bedroom-bungalow
3 Bedroom Apartment,"Nike Art Gallery Road, Ikate, Lekki, Lagos","₦270,000,000","Glovelli Realty
  07053735154",3,3,4,2,N/A,https://nigeriapropertycentre.com/for-sale/flats-apartments/lagos/lekki/ikate/3359629-3-bedroom-apartment
"Exquisitely Finished 3 Bedroom Apartment With Elevator , Swimming Pool","Lekki Phase 1, Lekki, Lagos","₦470,000,000","Tajes Realty
  +2348140620821",3,N/A,N/A,N/A,N/A,https://nigeriapropertycentre.com/for-sale/flats-apartments/lagos/lekki/lekki-phase-1/3359618-exquisitely-finished-3-bedroom-apartment-with-elevator-swimming-pool
Newly Built 3 Bedroom Apartments In Serene Environment,"Surulere, Lagos","₦120,000,000","Ifes Realty
  07032662532",3,3,4,2,N/A,https://nigeriapropertycentre.com/for-sale/flats-apartments/lagos/surulere/3359565-newly-built-3-bedroom-apartments-in-serene-environment
24 Units Of Luxury Three-Bedroom Apartments,"Ikoyi, Lagos","$1,300,000","Knight Angels Realties Ltd
  08151917169",3,3,4,N/A,N/A,https://nigeriapropertycentre.com/for-sale/houses/block-of-flats/lagos/ikoyi/3197513-24-units-of-luxury-three-bedroom-apartments
Well-Designed 3 Bedrooms Apartment With A Boys Quarters,"Lekki Phase 1, Lekki, Lagos","₦340,000,000","Elizadebiyil.t.d
  08168653778",3,3,4,N/A,N/A,https://nigeriapropertycentre.com/for-sale/flats-apartments/lagos/lekki/lekki-phase-1/3359546-well-designed-3-bedrooms-apartment-with-a-boys-quarters
3 Bedrooms,"Ahmadu Bello Way, New Coastal Road, Victoria Island (VI), Lagos","₦420,000,000","Hojizrealty
  07011977558",3,3,4,2,N/A,https://nigeriapropertycentre.com/for-sale/flats-apartments/lagos/victoria-island/3308153-3-bedrooms
3 Bedroom Luxury Apartment,"Off Landbridge Avenue, Oniru, Victoria Island (VI), Lagos","₦600,000,000","Trustcrow Digital Nigerial Limited
  08168511658",3,4,4,N/A,250,https://nigeriapropertycentre.com/for-sale/flats-apartments/lagos/victoria-island/oniru/3069437-3-bedroom-luxury-apartment
Direct Brief: Luxury 3 Bedrooms Apartment,"Oniru, Victoria Island (VI), Lagos","₦600,000,000","Trustcrow Digital Nigerial Limited
  08168511658",3,5,4,N/A,"6,000",https://nigeriapropertycentre.com/for-sale/flats-apartments/lagos/victoria-island/oniru/3070452-direct-brief-luxury-3-bedrooms-apartment
3 Bedroom Flat With Excellent Facilities,"Odudwa Crescent, Ikeja GRA, Ikeja, Lagos","₦350,000,000","Trustcrow Digital Nigerial Limited
  08168511658",3,3,4,2,N/A,https://nigeriapropertycentre.com/for-sale/flats-apartments/lagos/ikeja/gra/3300164-3-bedroom-flat-with-excellent-facilities
Exquisite 3 Bedroom Apartment With Bq,"Lekki Phase 1, Lekki, Lagos","₦340,000,000","Tory's Realty
  09048062106",3,3,3,3,N/A,https://nigeriapropertycentre.com/for-sale/flats-apartments/lagos/lekki/lekki-phase-1/3359402-exquisite-3-bedroom-apartment-with-bq
Luxury Three Bedroom Penthouse With Bq,"Haven Pearl Estate, Haven Homes, Lekki Phase 1, Lekki, Lagos","₦400,000,000","Conceptry Edge Limited
  08037027687",3,3,4,2,N/A,https://nigeriapropertycentre.com/for-sale/flats-apartments/lagos/lekki/lekki-phase-1/3286311-luxury-three-bedroom-penthouse-with-bq
3 Bedroom Apartment,"Ikota, Lekki, Lagos","₦95,000,000","Afflux Properties
  08132281643",3,N/A,N/A,N/A,N/A,https://nigeriapropertycentre.com/for-sale/flats-apartments/lagos/lekki/ikota/3359326-3-bedroom-apartment
Luxurious Built 3 Bedroom Flat With Bq,"Lekki Phase 1, Lekki, Lagos","₦350,000,000","Shepherdrealty
  09074303648",3,3,4,2,N/A,https://nigeriapropertycentre.com/for-sale/flats-apartments/lagos/lekki/lekki-phase-1/2936283-luxurious-built-3-bedroom-flat-with-bq
Newly Built 3 Bedroom Flat All Room Ensuite With A Boys Quarters,"Off Mobolaji Bank Anthony Way, Ikeja, Lagos","₦220,000,000","Riyadh Realtors
  09050170123",3,N/A,N/A,N/A,N/A,https://nigeriapropertycentre.com/for-sale/flats-apartments/lagos/ikeja/3359204-newly-built-3-bedroom-flat-all-room-ensuite-with-a-boys-quarters
Well-Designed 3 Bedroom Apartment With A Boys' Quarters,"Lekki Phase 1, Lekki, Lagos","₦340,000,000","Planwell Homes Limited
  +2349063081858",3,3,4,2,N/A,https://nigeriapropertycentre.com/for-sale/flats-apartments/lagos/lekki/lekki-phase-1/3359251-well-designed-3-bedroom-apartment-with-a-boys-quarters
Newly Built 3 Bedroom Apartment In A Good Neighborhood,"Ogba, Ikeja, Lagos","₦150,000,000","Exclusive Real Estate
  09026904592",3,4,4,N/A,N/A,https://nigeriapropertycentre.com/for-sale/houses/lagos/ikeja/ogba/3359229-newly-built-3-bedroom-apartment-in-a-good-neighborhood
3 Bedroom Duplex With Payment Plan,"Wisdom Court Estate Abraham Adesanya, Ajah, Lagos","₦120,000,000","Primevoke Limited
  09059505450",3,4,4,N/A,N/A,https://nigeriapropertycentre.com/for-sale/houses/terraced-duplexes/lagos/ajah/3314422-3-bedroom-duplex-with-payment-plan
Newly Built 3 Bedroom Apartment Plus Bq,"Ajao Estate, Ikeja, Lagos","₦150,000,000","Exclusive Real Estate
  09026904592",3,4,4,N/A,N/A,https://nigeriapropertycentre.com/for-sale/houses/lagos/ikeja/3359215-newly-built-3-bedroom-apartment-plus-bq
3 Bedroom Terraced Duplex With Bq In A Serene Estate,"Ado, Ajah, Lagos","₦85,000,000","Hss_realty
  08164466352",3,3,4,N/A,N/A,https://nigeriapropertycentre.com/for-sale/houses/terraced-duplexes/lagos/ajah/ado/3359185-3-bedroom-terraced-duplex-with-bq-in-a-serene-estate
3 Bedroom Terraced Duplex With A Bq In A Serene Estate,"Ado, Ajah, Lagos","₦85,000,000","Hss_realty
  08164466352",3,3,4,N/A,N/A,https://nigeriapropertycentre.com/for-sale/houses/terraced-duplexes/lagos/ajah/ado/3359168-3-bedroom-terraced-duplex-with-a-bq-in-a-serene-estate
Luxury 3 Bedroom Apartment With Bq And Swimming Pool,"Lekki Phase 1, Lekki, Lagos","₦330,000,000","Hexagon Homes
  08165315202",3,3,4,N/A,N/A,https://nigeriapropertycentre.com/for-sale/flats-apartments/lagos/lekki/lekki-phase-1/3359126-luxury-3-bedroom-apartment-with-bq-and-swimming-pool
3 Bedroom Luxury Bungalows With Bq,"Civic Residence By Abraham Adesanya, Ajah, Lagos","₦100,000,000","Bestiprokleen Development Ltd
  07067789147",3,3,3,N/A,N/A,https://nigeriapropertycentre.com/for-sale/houses/detached-bungalows/lagos/ajah/3349314-3-bedroom-luxury-bungalows-with-bq
Newly Built 3-Bedroom Terrace Duplex,"Ikota, Lekki, Lagos","₦115,000,000","Homephase Realty
  09053146304",3,3,4,2,N/A,https://nigeriapropertycentre.com/for-sale/houses/terraced-duplexes/lagos/lekki/ikota/3359072-newly-built-3-bedroom-terrace-duplex
Newly Built & Very Cheap Blocks Of Flats,"Ijegun, Ikotun, Lagos","₦70,000,000","Don-zikky Global Services
  08023920554",3,N/A,N/A,N/A,N/A,https://nigeriapropertycentre.com/for-sale/houses/lagos/ikotun/ijegun/3359036-newly-built-very-cheap-blocks-of-flats
Affordable 3 Bedroom Semi Detached Duplex In Serene Environment,"GRA Phase 1, Magodo, Lagos","₦180,000,000","Ifes Realty
  07032662532",3,4,5,3,N/A,https://nigeriapropertycentre.com/for-sale/houses/semi-detached-duplexes/lagos/magodo/gra-phase-1/3359019-affordable-3-bedroom-semi-detached-duplex-in-serene-environment
Exquisitely Finished 3 Bedroom Flat En-Suite With Bq,"Roseville Apartments, Along Ebute-ibeshe Road, Ebute, Ikorodu, Lagos","₦65,000,000","Investwithamos
  09136754284",3,3,5,3,N/A,https://nigeriapropertycentre.com/for-sale/flats-apartments/lagos/ikorodu/ebute/3303254-exquisitely-finished-3-bedroom-flat-en-suite-with-bq
Newly Built 3 Bedroom Apartment With Bq,"Ikate, Lekki, Lagos","₦200,000,000","Agathahomes.ng Limited
  08087813295",3,3,4,2,N/A,https://nigeriapropertycentre.com/for-sale/houses/block-of-flats/lagos/lekki/ikate/3358150-newly-built-3-bedroom-apartment-with-bq
Lovely 3 Bedrooms Terraced Duplex With Bq,"Chevron, Lekki, Lagos","₦170,000,000","De Itj Realty Company
  09035137760",3,3,4,N/A,N/A,https://nigeriapropertycentre.com/for-sale/houses/terraced-duplexes/lagos/lekki/3358848-lovely-3-bedrooms-terraced-duplex-with-bq
Block Of Flats,"Ali Dada, Okota, Isolo, Lagos","₦185,000,008","Kapital Properties
  +2347037513662",3,3,3,N/A,N/A,https://nigeriapropertycentre.com/for-sale/houses/block-of-flats/lagos/isolo/okota/3283520-block-of-flats
3 Bedrooms Flat,"Abesan Estate, Abesan, Ipaja, Lagos","₦32,000,000","Kapital Properties
  +2347037513662",3,2,2,N/A,N/A,https://nigeriapropertycentre.com/for-sale/flats-apartments/lagos/ipaja/abesan/3305390-3-bedrooms-flat
3 Bedroom Terrace Duplex,"Ikota, Lekki, Lagos","₦115,000,000","Vivacourtng
  09112749918",3,3,4,2,N/A,https://nigeriapropertycentre.com/for-sale/houses/terraced-duplexes/lagos/lekki/ikota/3286239-3-bedroom-terrace-duplex
27th Level Pentfloor 3 Bedrooms Luxury Flat With Bq,"Eko Atlantic City, Victoria Island (VI), Lagos","₦900,000,000","Bankofproperty Ltd
  08061764516",3,3,4,2,N/A,https://nigeriapropertycentre.com/for-sale/flats-apartments/lagos/victoria-island/3141281-27th-level-pentfloor-3-bedrooms-luxury-flat-with-bq
Tastefully Finished 3 Bedroom Apartment,"Off Freedom Way, Lekki, Lagos","₦200,000,000","Centpro Integrated Services
  09043656511",3,3,4,2,N/A,https://nigeriapropertycentre.com/for-sale/flats-apartments/lagos/lekki/3314377-tastefully-finished-3-bedroom-apartment
Spacious 3 Bedrooms Apartment With Swimming Pool And Gym,"Banana Island, Ikoyi, Lagos","₦950,000,000","Ninahomesltd
  08142762959",3,3,4,3,N/A,https://nigeriapropertycentre.com/for-sale/flats-apartments/lagos/ikoyi/banana-island/3357581-spacious-3-bedrooms-apartment-with-swimming-pool-and-gym
Exquisite 3 Bedroom Semi-Detached House + Bq,"Sangotedo, Ajah, Lagos","₦155,000,000","Marychilem Ent
  08037244325",3,3,4,2,N/A,https://nigeriapropertycentre.com/for-sale/houses/semi-detached-duplexes/lagos/ajah/sangotedo/3358770-exquisite-3-bedroom-semi-detached-house-bq
Newly Built Top Notch 3 Bedroom,"Blenco Side, Ikate Elegushi, Lekki, Lagos","₦140,000,000","Toyin Aluko & Co
  07033285248",3,3,4,2,N/A,https://nigeriapropertycentre.com/for-sale/flats-apartments/lagos/lekki/ikate-elegushi/2629186-newly-built-top-notch-3-bedroom
Luxury Finished 3 Bedroom Apartment With Pantry + Bq,"Lekki Phase 1, Lekki, Lagos","₦550,000,000","Property Hub Naija
  +2349059227043",3,3,4,N/A,N/A,https://nigeriapropertycentre.com/for-sale/flats-apartments/lagos/lekki/lekki-phase-1/3328174-luxury-finished-3-bedroom-apartment-with-pantry-bq
Luxury 3 Bedroom Apartment In A Secured Estate,"GRA Phase 1, Magodo, Lagos","₦130,000,000","Folk Homes Limited
  09037037742",3,4,5,3,N/A,https://nigeriapropertycentre.com/for-sale/flats-apartments/lagos/magodo/gra-phase-1/3317890-luxury-3-bedroom-apartment-in-a-secured-estate
Fully Furnished 3 Bedrooms Apartment,"Phase 1, Lekki, Lagos","₦480,000,000","Sunwealthltd
  08110557901",3,3,4,N/A,N/A,https://nigeriapropertycentre.com/for-sale/flats-apartments/lagos/lekki/3358597-fully-furnished-3-bedrooms-apartment
Luxury 3 Bedroom Apartment,"Eko Atlantic City, Lagos","₦680,000,000","Balafama Realties
  09135882965",3,3,4,2,N/A,https://nigeriapropertycentre.com/for-sale/flats-apartments/lagos/eko-atlantic-city/3358516-luxury-3-bedroom-apartment
Nice 2 Units Of 3 Bedroom And 2 Units Of 2 Bedroom On A Full Plot,"Billionaire Estate Oribanwa Phase2 By Awoyaya, Oribanwa, Ibeju Lekki, Lagos","₦85,000,000","Juanny Properties
  +2348167146177",3,3,4,N/A,N/A,https://nigeriapropertycentre.com/for-sale/houses/block-of-flats/lagos/lekki-ibeju/oribanwa/3358403-nice-2-units-of-3-bedroom-and-2-units-of-2-bedroom-on-a-full-plot
Newly Built 3bedroom With Bq,"Lekki Phase 1, Lekki, Lagos","₦400,000,000","Loft & Mane Realties
  09093044325",3,3,4,N/A,N/A,https://nigeriapropertycentre.com/for-sale/flats-apartments/lagos/lekki/lekki-phase-1/3358353-newly-built-3bedroom-with-bq
Luxury 3 Bedroom Terrace Duplex In A Secure Estate,"Sangotedo, Ajah, Lagos","₦95,000,000","Wincovers Realty Ltd
  08103254940",3,3,4,N/A,N/A,https://nigeriapropertycentre.com/for-sale/houses/terraced-duplexes/lagos/ajah/sangotedo/3300922-luxury-3-bedroom-terrace-duplex-in-a-secure-estate
Tastefully Built 3 Bedroom Terrace Duplex With Bq,"Ikate, Lekki, Lagos","₦270,000,000","Wincovers Realty Ltd
  08103254940",3,3,4,N/A,N/A,https://nigeriapropertycentre.com/for-sale/houses/terraced-duplexes/lagos/lekki/3302768-tastefully-built-3-bedroom-terrace-duplex-with-bq
Capacious 3 Bedroom Serviced Apartment In A Secure Estate.,"Ikate, Lekki, Lagos","₦190,000,000","Wincovers Realty Ltd
  08103254940",3,3,4,N/A,N/A,https://nigeriapropertycentre.com/for-sale/flats-apartments/lagos/lekki/ikate/3302835-capacious-3-bedroom-serviced-apartment-in-a-secure-estate
"Luxury Fully Serviced 3 Bedroom Apartment With Bq, Pool & Gym","Victoria Island (VI), Lagos","₦600,000,000","Wincovers Realty Ltd
  08103254940",3,3,4,N/A,N/A,https://nigeriapropertycentre.com/for-sale/flats-apartments/lagos/victoria-island/3341538-luxury-fully-serviced-3-bedroom-apartment-with-bq-pool-gym
Glamorous 3 Bedroom Apartment With Bq & Elevator In A Secured Estate,"Oniru, Victoria Island (VI), Lagos","₦450,000,000","Wincovers Realty Ltd
  08103254940",3,3,4,N/A,N/A,https://nigeriapropertycentre.com/for-sale/flats-apartments/lagos/victoria-island/oniru/3341576-glamorous-3-bedroom-apartment-with-bq-elevator-in-a-secured-estate
Exclusive 3 Bedroom Fully Detached Duplex With Bq,"Ogombo, Ajah, Lagos","₦180,000,000","Wincovers Realty Ltd
  08103254940",3,3,4,N/A,N/A,https://nigeriapropertycentre.com/for-sale/houses/detached-duplexes/lagos/ajah/3345450-exclusive-3-bedroom-fully-detached-duplex-with-bq
Brand New 3 Bedroom Detached Bungalow On Half Plot Of Land,"Baba Adisa, Ibeju Lekki, Lagos","₦50,000,000","Pablo Global Services Nig Ltd
  09055294872",3,4,4,4,N/A,https://nigeriapropertycentre.com/for-sale/houses/detached-bungalows/lagos/lekki-ibeju/baba-adisa/3326178-brand-new-3-bedroom-detached-bungalow-on-half-plot-of-land
3 Bedroom Apartment Ongoing Construction,"Old Ikoyi, Ikoyi, Lagos","$576,000","Charis Estate
  08184876600",3,3,4,N/A,N/A,https://nigeriapropertycentre.com/for-sale/flats-apartments/lagos/ikoyi/old-ikoyi/3358231-3-bedroom-apartment-ongoing-construction
Luxury 3 Bedroom With Bq,"Abraham Adesanya, Ajah, Lagos","₦115,000,000","Fullness Solicitors
  +2348120261619",3,3,4,2,N/A,https://nigeriapropertycentre.com/for-sale/houses/terraced-duplexes/lagos/ajah/3321199-luxury-3-bedroom-with-bq
Luxury 3 Bedroom Apartment With Excellent Features,"Eighteen 65 Residences, Ikeja, Lagos","₦240,000,000","Reg Integrated Services
  09020197930",3,3,4,N/A,N/A,https://nigeriapropertycentre.com/for-sale/houses/block-of-flats/lagos/ikeja/3358221-luxury-3-bedroom-apartment-with-excellent-features
Direct Listing: Well Maintained 3-Bedroom Apartment,"County Apartments, Megamound Estate, Ikota, Lekki, Lagos","₦120,000,000","B A Leasing Services Ltd
  07039337095",3,3,4,2,N/A,https://nigeriapropertycentre.com/for-sale/flats-apartments/lagos/lekki/ikota/3045990-direct-listing-well-maintained-3-bedroom-apartment
3 Bedroom Terrace Duplex In Pristine Condition,"Ikate, Lekki, Lagos","₦175,000,000","Breathing Space.
  07057302511",3,3,4,3,N/A,https://nigeriapropertycentre.com/for-sale/houses/terraced-duplexes/lagos/lekki/ikate/3356813-3-bedroom-terrace-duplex-in-pristine-condition
Exquisitely Built 3-Bedroom Apartments,"Off Isaac John Street, Ikeja GRA, Ikeja, Lagos","₦340,000,000","Leeward Properties
  +2348022990214",3,3,4,N/A,N/A,https://nigeriapropertycentre.com/for-sale/flats-apartments/lagos/ikeja/gra/3350960-exquisitely-built-3-bedroom-apartments
3 Bedroom Flats With Servant Quarters,"Mobolaji Bank Anthony Way,, Ikeja, Lagos","₦220,000,000","Leeward Properties
  +2348022990214",3,3,4,N/A,N/A,https://nigeriapropertycentre.com/for-sale/flats-apartments/lagos/ikeja/3330440-3-bedroom-flats-with-servant-quarters
Luxury 3 Bedroom Maissionannate With Bq,"Oladimeji Alo, Lekki Phase 1, Lekki, Lagos","₦380,000,000","Divention Properties Limited
  08032443481",3,3,4,2,N/A,https://nigeriapropertycentre.com/for-sale/flats-apartments/lagos/lekki/lekki-phase-1/3358196-luxury-3-bedroom-maissionannate-with-bq
3-Bedroom Apartment + Bq,"Victoria Island (VI), Lagos","₦750,000,000","C W Real Estate
  +2349062511340",3,3,4,N/A,N/A,https://nigeriapropertycentre.com/for-sale/flats-apartments/lagos/victoria-island/3358165-3-bedroom-apartment-bq
Two Units Of 3-Bedroom Maisonettes With Bq,"Victoria Island (VI), Lagos","₦450,000,000","C W Real Estate
  +2349062511340",3,3,4,N/A,N/A,https://nigeriapropertycentre.com/for-sale/flats-apartments/lagos/victoria-island/3358120-two-units-of-3-bedroom-maisonettes-with-bq
Luxury 3-Bedroom Water View Apartment,"Banana Island, Ikoyi, Lagos","₦414,000,000","Heaven's Residences
  +2347050211581",3,3,4,N/A,N/A,https://nigeriapropertycentre.com/for-sale/flats-apartments/lagos/ikoyi/banana-island/3358117-luxury-3-bedroom-water-view-apartment
3 Bedroom Maisonette On 2nd Floor,"By Hotel Newcastle, Anthony, Maryland, Lagos","₦210,000,000","17 Three Digital Realtors
  09067442944",3,3,4,N/A,N/A,https://nigeriapropertycentre.com/for-sale/flats-apartments/lagos/maryland/anthony/3358057-3-bedroom-maisonette-on-2nd-floor
3 Bedroom Terrace Duplex,"Ikota, Lekki, Lagos","₦120,000,000","Parah Md Properties Ltd
  08104137577",3,3,4,3,N/A,https://nigeriapropertycentre.com/for-sale/houses/terraced-duplexes/lagos/lekki/ikota/3337750-3-bedroom-terrace-duplex
3 Bedroom Apartment With Bq,"Lekki Phase 1, Lekki, Lagos","₦250,000,000","Parah Md Properties Ltd
  08104137577",3,3,4,2,N/A,https://nigeriapropertycentre.com/for-sale/flats-apartments/lagos/lekki/lekki-phase-1/3337651-3-bedroom-apartment-with-bq
Luxury 3 Bedroom Apartment With Bq,"Gra, Ikeja, Lagos","₦380,000,000","Knight Angels Realties Ltd
  08151917169",3,3,4,N/A,N/A,https://nigeriapropertycentre.com/for-sale/flats-apartments/lagos/ikeja/3358043-luxury-3-bedroom-apartment-with-bq
3 Bedroom Terrace + Bq,"Ikate, Lekki, Lagos","₦225,000,000","Balafama Realties
  09135882965",3,3,4,3,N/A,https://nigeriapropertycentre.com/for-sale/houses/terraced-duplexes/lagos/lekki/ikate/3310759-3-bedroom-terrace-bq
Luxury 3 Bedroom + Bq + Pool + Gym,"Banana Island, Ikoyi, Lagos","₦850,000,000","Balafama Realties
  09135882965",3,3,4,2,N/A,https://nigeriapropertycentre.com/for-sale/flats-apartments/lagos/ikoyi/banana-island/3357933-luxury-3-bedroom-bq-pool-gym
Exquisite And Tastefully Built 3 Bedroom Apartment,"Ikoyi, Lagos","$850,000","Anene & Associates
  09158869834",3,3,4,N/A,N/A,https://nigeriapropertycentre.com/for-sale/flats-apartments/lagos/ikoyi/2265782-exquisite-and-tastefully-built-3-bedroom-apartment
Standard 3 Bedroom Terrace Duplex,"Ikota, Lekki, Lagos","₦90,000,000","Parah Md Properties Ltd
  08104137577",3,3,4,2,N/A,https://nigeriapropertycentre.com/for-sale/houses/terraced-duplexes/lagos/lekki/ikota/3357890-standard-3-bedroom-terrace-duplex
Luxiry3 Bedroom Terrace Duplex,"Ikota Lekki,lagos., Lekki, Lagos","₦110,000,000","John Akhamie & Co.
  09060005066",3,3,4,2,N/A,https://nigeriapropertycentre.com/for-sale/houses/terraced-duplexes/lagos/lekki/3357882-luxiry3-bedroom-terrace-duplex
Well Finished 3 Bedroom Apartments,"Lekki Phase 1, Lekki, Lagos","₦340,000,000","Parah Md Properties Ltd
  08104137577",3,3,4,3,N/A,https://nigeriapropertycentre.com/for-sale/flats-apartments/lagos/lekki/lekki-phase-1/3357855-well-finished-3-bedroom-apartments
15 Units Of 3 Bedroom Apartments,"Old Ikoyi, Ikoyi, Lagos","$8,000,000","Anene & Associates
  09158869834",3,N/A,N/A,N/A,N/A,https://nigeriapropertycentre.com/for-sale/flats-apartments/lagos/ikoyi/old-ikoyi/3357811-15-units-of-3-bedroom-apartments
Well Built 3 Bedroom Semidetached Duplex,"Lekki, Lagos","₦200,000,000","Arealhomesng
  09065277779",3,3,4,4,N/A,https://nigeriapropertycentre.com/for-sale/houses/detached-duplexes/lagos/lekki/3356693-well-built-3-bedroom-semidetached-duplex
"3 Bedroom Apartment With Bq, Elevator And Pool","Ikeja GRA, Ikeja, Lagos","₦400,000,000","Pmng Acquisitions Ltd (paymonthly.ng).
  08023828064",3,3,4,N/A,N/A,https://nigeriapropertycentre.com/for-sale/flats-apartments/lagos/ikeja/gra/3357784-3-bedroom-apartment-with-bq-elevator-and-pool
